name,source,state
Audra,https://wvstateparks.com/parks/,West Virginia
Babcock,https://wvstateparks.com/parks/,West Virginia
Beartown,https://wvstateparks.com/parks/,West Virginia
Beech Fork,https://wvstateparks.com/parks/,West Virginia
Berkeley Springs,https://wvstateparks.com/parks/,West Virginia
Blackwater Falls,https://wvstateparks.com/parks/,West Virginia
Blennerhassett Island,https://wvstateparks.com/parks/,West Virginia
Bluestone,https://wvstateparks.com/parks/,West Virginia
Cacapon,https://wvstateparks.com/parks/,West Virginia
Camp Creek   and Forest,https://wvstateparks.com/parks/,West Virginia
Canaan Valley,https://wvstateparks.com/parks/,West Virginia
Carnifex Ferry Battlefield,https://wvstateparks.com/parks/,West Virginia
Cass Scenic Railroad,https://wvstateparks.com/parks/,West Virginia
Cathedral,https://wvstateparks.com/parks/,West Virginia
Cedar Creek,https://wvstateparks.com/parks/,West Virginia
Chief Logan,https://wvstateparks.com/parks/,West Virginia
Droop Mountain Battlefield,https://wvstateparks.com/parks/,West Virginia
Fairfax Stone,https://wvstateparks.com/parks/,West Virginia
Hawks Nest,https://wvstateparks.com/parks/,West Virginia
Holly River,https://wvstateparks.com/parks/,West Virginia
Little Beaver,https://wvstateparks.com/parks/,West Virginia
Lost River,https://wvstateparks.com/parks/,West Virginia
Moncove Lake,https://wvstateparks.com/parks/,West Virginia
North Bend,https://wvstateparks.com/parks/,West Virginia
Pinnacle Rock,https://wvstateparks.com/parks/,West Virginia
Pipestem,https://wvstateparks.com/parks/,West Virginia
Prickett's Fort,https://wvstateparks.com/parks/,West Virginia
Stonewall,https://wvstateparks.com/parks/,West Virginia
Tomlinson Run,https://wvstateparks.com/parks/,West Virginia
Tu-Endie-Wei,https://wvstateparks.com/parks/,West Virginia
Twin Falls,https://wvstateparks.com/parks/,West Virginia
Tygart Lake,https://wvstateparks.com/parks/,West Virginia
Valley Falls,https://wvstateparks.com/parks/,West Virginia
Watoga,https://wvstateparks.com/parks/,West Virginia
Watters Smith,https://wvstateparks.com/parks/,West Virginia
